customer_id,name,age,gender,location,signup_date
1,Allison Hill,58,Male,East Jill,2025-04-30
2,Javier Johnson,19,Other,East William,2020-11-30
3,Michelle Miles,35,Male,Robinsonshire,2023-01-21
4,Abigail Shaffer,32,Male,Petersonberg,2022-07-09
5,Gabrielle Davis,65,Male,West Melanieview,2021-01-21
6,Kimberly Dudley,61,Other,Millerport,2023-10-07
7,Michele Williams,75,Other,Port Keith,2021-05-14
8,Sharon James,23,Other,Reidstad,2022-01-27
9,Daniel Adams,45,Male,New Cynthiaside,2022-10-09
10,James Mayo,19,Male,Lake Mark,2021-03-01
11,Andrew Stewart,31,Male,Carlshire,2023-05-14
12,Jonathan Wilkerson,50,Other,Thomasberg,2022-10-15
13,Kimberly Burgess,19,Other,Hurstfurt,2023-10-08
14,Zachary Hicks,30,Other,Port Brandonville,2021-12-27
15,Rebecca Henderson,59,Other,South Patrickmouth,2025-03-10
16,Juan Dunlap,52,Female,Lake Nicoleview,2023-08-01
17,Jeffrey Chavez,32,Female,Teresaburgh,2025-01-03
18,Sheila Evans,55,Female,East Nathaniel,2022-01-23
19,Paula Moreno,69,Male,New Mariotown,2021-08-22
20,Sherry Decker,66,Male,Johnbury,2025-07-07
21,Angelica Tucker,62,Female,Port Amandaberg,2021-10-12
22,Theresa Martin,39,Female,Brandtside,2022-05-26
23,Jennifer Powers,27,Male,Samuelhaven,2024-07-12
24,Danny Morgan,66,Female,New Jeffrey,2021-04-17
25,Amy Jones,24,Male,Port Markhaven,2022-09-18
26,John Ryan,42,Male,Sanchezfort,2024-02-25
27,Brent Jordan,40,Female,Jenkinston,2021-07-11
28,Nicholas Mcbride,56,Female,East Jamesside,2024-07-03
29,Clifford Ford,69,Male,South Lindseyside,2021-07-10
30,Zachary Huff,64,Female,Port Melindaburgh,2024-02-23
31,Mr. James Brown,52,Male,Smithfurt,2022-12-11
32,Rachel Mitchell,42,Male,Mooreport,2022-07-17
33,Lauren Daniels,53,Female,Brianshire,2024-09-29
34,Sarah Moore,71,Other,Port Jacobland,2022-09-09
35,Todd Hudson,57,Female,New Christophershire,2025-07-01
36,Taylor Harris,54,Male,Johnfurt,2021-10-20
37,Elizabeth Stewart,63,Male,North Stephenshire,2021-07-16
38,Daniel Baker,20,Other,Nicolebury,2023-11-01
39,Jeffrey Daniels,32,Female,Cherylhaven,2020-10-03
40,Kristen Huynh,23,Male,East Josephville,2025-05-24
41,Douglas Clark,73,Male,Jamesview,2024-12-27
42,Taylor Mathis Jr.,42,Female,Calderonton,2020-09-20
43,Carlos Whitney,47,Other,Lake Scott,2024-04-29
44,Ashley Landry,71,Female,New Barry,2023-10-31
45,Brittany Anderson,28,Female,Michaelton,2023-09-25
46,David Garcia,40,Male,Dicksonberg,2022-09-14
47,Vanessa Cochran,60,Female,Johnsonmouth,2024-03-11
48,Sharon Cochran,62,Other,Erikville,2023-12-11
49,Shannon Walker,59,Male,Baileybury,2022-08-02
50,Corey Murphy,56,Other,Port Joshuahaven,2024-02-02
51,Sarah Rivera,28,Other,North Natalieview,2022-03-17
52,Victoria Johnson,64,Male,Reedmouth,2024-05-26
53,Kayla Cruz,28,Female,West Bradley,2024-05-25
54,Timothy Ryan,42,Female,West Ryan,2023-07-01
55,Mary Martinez,58,Other,Williamchester,2023-06-19
56,Edward Martinez,53,Male,Ortegafurt,2022-03-03
57,Elizabeth Kelley,61,Female,West Justinchester,2025-08-15
58,Erica Ramos,71,Male,New Thomas,2022-02-18
59,Diane Beck,32,Male,Clarencebury,2023-05-01
60,Curtis Johnson,69,Female,South Cheryl,2021-04-23
61,Stephen Johnston,43,Female,Snyderbury,2021-12-11
62,Abigail Potter,22,Male,Port Ronaldburgh,2025-02-04
63,Justin Lowery,54,Other,South Dennismouth,2025-03-17
64,Linda Dodson DVM,38,Male,Rivasside,2024-06-25
65,Natasha Wells,59,Female,Karenview,2025-02-14
66,Mr. Jeremiah Reeves,43,Other,West Matthew,2025-04-14
67,Chris Reyes,47,Male,Lake Jason,2024-03-20
68,Joshua Perry,34,Male,Port Robert,2025-08-28
69,Alicia Gilmore,33,Other,Woodsstad,2023-03-25
70,Sarah Ashley,53,Other,Medinaside,2022-07-26
71,Don Tucker MD,34,Other,Ramseymouth,2021-10-10
72,Ms. Susan Vargas,55,Female,North Dawnberg,2024-08-13
73,David Murphy,75,Other,Murphyfurt,2023-01-21
74,Sandra King,43,Female,South Andrewside,2021-02-17
75,Mrs. Marie Harrington DDS,32,Male,East Jamestown,2021-12-26
76,John Wilson,50,Female,South Holly,2023-10-30
77,Lawrence Adkins,23,Male,Port Loriport,2021-08-10
78,Tanya Johnston,73,Male,Sandersborough,2021-05-03
79,Sandra Sanchez,27,Other,Melissaville,2025-07-03
80,Hannah Patterson,28,Other,Caseymouth,2020-10-18
81,Samantha Garcia,45,Other,Cynthiamouth,2021-12-28
82,Nicholas Sheppard,22,Female,Christinaside,2024-10-20
83,Roger Vargas,42,Other,Melissaland,2023-01-23
84,Dana Marshall,47,Other,Rogersfort,2023-06-15
85,Daniel Salinas,34,Other,Joshuaview,2025-06-01
86,Travis Miller,73,Male,Freemanbury,2024-09-27
87,Katherine Mcguire,61,Other,West Jeffreybury,2023-04-18
88,Jackie Tran,25,Other,Ronaldside,2023-07-03
89,Jesse Parker,74,Other,North Jennifer,2023-05-17
90,Joshua Gill,66,Female,East Javier,2024-10-22
91,Kevin Wolf,67,Other,Tinaborough,2023-03-18
92,Christopher Smith,39,Male,West Brandon,2021-02-25
93,Melissa Martinez,36,Female,Garciatown,2025-07-28
94,John Peterson,28,Female,West Shelleyfort,2021-08-29
95,Jennifer Jones,18,Other,East Edwardshire,2023-04-10
96,David Grant,74,Other,Obrienbury,2025-02-18
97,Terry Evans,34,Other,Torreston,2021-07-14
98,Christine Clark,66,Male,East Johnside,2021-04-30
99,Jason Norris,50,Male,Carterbury,2023-02-21
100,Michele Gibson,73,Other,West Kristin,2022-05-16
101,Joshua Holland,37,Other,Margaretland,2021-03-13
102,Eric Curry,50,Other,Scottmouth,2023-04-11
103,Terri Mason,30,Male,Kimton,2024-05-13
104,Lindsey Johnson,41,Male,Lake Mary,2025-08-01
105,Alicia Hubbard,52,Other,Barbaraburgh,2024-09-09
106,Jessica Ramirez,18,Other,Waltersfort,2021-06-19
107,Jason Morris,38,Female,Port Eugenechester,2024-11-26
108,Tony Cervantes,19,Male,South Christopherview,2023-06-10
109,Raymond Hancock,41,Female,Lake Mollymouth,2024-03-15
110,Joseph Dean,33,Male,Garrettton,2022-06-03
111,Carlos Roberts,33,Other,Martinezbury,2022-01-14
112,Adam Russell,23,Male,Port Robin,2024-08-12
113,Maria Moore,64,Female,Williamview,2024-03-22
114,Veronica Sanchez,70,Male,South James,2025-01-05
115,Breanna Jones,66,Other,Morganhaven,2022-12-18
116,Diane Evans,67,Male,Grimesmouth,2025-04-09
117,Mr. Phillip Bennett,26,Other,Mollybury,2025-07-21
118,Scott Jenkins,48,Other,Juliefurt,2023-12-22
119,Rebecca Pearson MD,28,Female,East Wayneshire,2023-07-07
120,Shelly Alexander,51,Other,Smithberg,2024-03-05
121,Tracy Jones,45,Male,Matthewfurt,2021-05-16
122,Sarah Villarreal,52,Other,Finleyfort,2025-04-16
123,Barry Welch,62,Male,Wendyland,2024-05-19
124,Paige Padilla,63,Female,South Garrettport,2020-12-07
125,Robert Carter,43,Other,Ryanbury,2025-03-17
126,Michael White,59,Female,North Chelsea,2023-12-11
127,Cynthia Durham,46,Other,East Steven,2022-11-07
128,Michael Nolan,46,Male,Santanaside,2022-01-12
129,Tony Huerta,33,Male,Daniellechester,2022-10-26
130,Eric Kidd,22,Female,Rodriguezfurt,2025-07-21
131,Edward Lyons,19,Other,Port Dominiqueview,2020-10-04
132,Melissa Garner,53,Male,New Julieport,2022-08-24
133,Heather Fields,55,Male,Ericaberg,2021-07-07
134,Maria Parker,18,Male,Johnsonstad,2021-10-22
135,Edward Burgess,63,Other,East David,2025-04-11
136,Holly Shaw,21,Male,Mariaview,2024-10-15
137,Elizabeth Harrell,22,Male,South Sydneyberg,2022-08-10
138,Misty Whitney,73,Female,Christopherfurt,2020-10-22
139,Caleb Richardson,22,Other,Brendastad,2021-08-11
140,Kaitlyn Harvey,33,Female,Rosebury,2021-03-24
141,Julie Haynes,60,Female,Wilsonton,2021-01-02
142,Johnathan Davis,31,Other,South Shawn,2025-04-14
143,Patrick Moore,26,Other,Penafort,2024-02-28
144,Diana Vaughn,74,Other,South Sean,2022-09-12
145,Ariana Jennings,54,Female,Bruceview,2022-04-21
146,Tiffany Holloway,33,Female,Lake Jasontown,2021-02-13
147,Dana Martinez,69,Female,North Maria,2025-05-27
148,Daniel Kane,30,Male,Kimtown,2023-01-18
149,Brianna Anderson,24,Other,Laurenville,2020-11-28
150,Hunter Kramer,45,Female,Alfredview,2021-02-18
151,Jason Wilson,45,Female,South Shanestad,2025-01-20
152,Jodi Walker,47,Other,Lake Kristahaven,2023-04-04
153,Victor Brown,21,Other,Boonechester,2021-08-10
154,Theodore Jones Jr.,59,Other,North David,2025-09-01
155,Erika Vang,24,Male,Shawnchester,2021-07-14
156,Ashley Pena,43,Other,South Shannon,2022-08-19
157,Ronald Ross,39,Male,West Ronaldview,2023-11-15
158,Melissa Wells,33,Male,Port Christopherchester,2021-07-06
159,Jacqueline Anderson,30,Other,New Sueside,2023-06-30
160,Jennifer Russo,46,Male,Parrishton,2023-02-19
161,Heather Lane,45,Male,East Diane,2022-08-06
162,Hayley Hawkins,35,Female,Port Joshuabury,2024-05-04
163,Vanessa Cardenas,33,Male,New Sarahview,2020-12-07
164,Michael Parker,46,Other,Michaelburgh,2021-11-28
165,Jennifer Thomas,24,Male,North Julieborough,2023-11-21
166,Glen Wood,59,Other,Kimberlyshire,2021-05-30
167,Brittney Webster,71,Male,Lake Christophermouth,2024-04-18
168,Mr. Donald Fischer,23,Male,West Russellport,2024-10-29
169,Elizabeth Walker,28,Female,North Jamesborough,2021-11-09
170,Donna Wilson,49,Female,Burgessburgh,2021-10-15
171,Michael Mason,31,Female,Charleston,2024-05-26
172,Thomas Atkins,75,Male,Berrychester,2023-02-25
173,Alex Nguyen,28,Female,Collierstad,2021-06-09
174,Brian Graham,18,Female,Warrenfurt,2023-04-30
175,Connie Maxwell,34,Female,New Cynthiahaven,2025-01-10
176,Ricardo Bell,36,Female,East Curtis,2022-11-13
177,Lance Wolf,62,Other,East Stephaniefort,2024-08-20
178,Olivia Cole,68,Other,Michellemouth,2021-12-22
179,John Welch,60,Other,Brittanystad,2025-01-02
180,Joel Johnson,49,Male,Marieland,2021-06-16
181,Katie Ford,30,Female,South Reginashire,2022-04-16
182,John Hernandez,31,Male,South Dalemouth,2021-05-29
183,Carrie Wright,55,Other,Ritterhaven,2025-02-19
184,Helen Hardin,52,Male,Ortizmouth,2021-02-18
185,Maria Jones,65,Female,New Erikaport,2022-10-31
186,Mary Escobar,21,Male,West Christopher,2021-11-22
187,Emily Douglas,55,Female,Andersonland,2023-04-28
188,Maria Murphy,50,Other,Lake Jacqueline,2025-03-02
189,Michael Romero,28,Male,West Kyleborough,2023-08-06
190,Katelyn Perez,50,Male,East Chris,2021-07-20
191,Kimberly Rodgers,72,Male,Lake Matthewberg,2023-11-23
192,Christopher Schwartz,22,Other,Lake Samuel,2024-03-08
193,Nathan Montes,22,Other,Karenmouth,2022-09-06
194,Emily Stokes,73,Male,Mckeeborough,2023-10-26
195,Laura Alexander,43,Male,Kimberlyhaven,2025-03-05
196,Christopher Gonzalez,74,Other,Port John,2024-10-11
197,Kristen Garcia,33,Other,West Christopherburgh,2023-01-04
198,Jose Guerra,56,Male,East Lisastad,2020-11-30
199,James Brooks,57,Male,Vangstad,2022-08-07
200,Timothy Combs,44,Other,Laceyberg,2021-01-06
201,Ronald Horton,55,Other,Port Janice,2024-07-03
202,Susan Smith,51,Female,Port Edward,2025-03-06
203,Ricardo Young,34,Male,North Johnmouth,2021-03-23
204,Taylor Carlson,60,Other,Lake Zacharybury,2021-11-29
205,Aaron Gomez,38,Male,Lopezland,2025-02-21
206,Andrea Fox,34,Female,South Morganton,2023-12-24
207,Mrs. Alexis Kramer,26,Other,Johnville,2025-08-21
208,Evelyn Williams,59,Female,Lisaburgh,2024-08-22
209,Mrs. Catherine Taylor,47,Female,Johnsonborough,2021-01-23
210,Stacey Stewart,66,Male,Zacharyside,2024-09-18
211,Paul Lee,18,Female,Michelleton,2023-07-07
212,Robert Kim,57,Other,Paulfurt,2023-07-29
213,Kathleen Jimenez,24,Male,Lauriechester,2021-05-12
214,Zachary White,52,Male,Manuelland,2023-06-24
215,Elizabeth Morrison,50,Female,Jacksonmouth,2023-09-06
216,Nicholas Buck,26,Female,Hillton,2021-04-30
217,Jennifer Palmer,74,Male,North Douglas,2024-06-01
218,Austin Osborne,74,Male,Michaelshire,2020-12-18
219,Meghan Rush,41,Female,Scottland,2025-07-28
220,Jacob Edwards,28,Female,Johnville,2020-11-28
221,Kathryn Hughes,71,Other,West Kimberlymouth,2022-07-07
222,Donna Hendricks DDS,63,Female,East Melissamouth,2022-02-27
223,Jill Miller,57,Other,Elizabethland,2025-05-14
224,Stephanie York,51,Male,Port Michael,2022-08-06
225,Curtis Taylor,60,Other,Johnsonside,2025-07-23
226,Robert Arnold,37,Other,North Kylefort,2025-02-28
227,Jason Andrews,24,Male,West Dawn,2024-07-08
228,Joseph Anderson,34,Male,Port Tammy,2024-05-15
229,Sheena Guerra,74,Male,West Fred,2023-06-08
230,Courtney Meza,65,Other,Meghanview,2022-05-11
231,Krista Martinez,27,Female,Christinaland,2024-12-18
232,Leslie Carpenter,36,Other,Lake Claudia,2023-07-24
233,Kristy Bryan,31,Other,North Brandonshire,2022-12-10
234,Pamela Butler,39,Male,South Pamelaside,2023-02-25
235,Elizabeth Sanchez,61,Other,Evansland,2021-03-14
236,Jason Marshall,72,Female,Catherinemouth,2023-05-29
237,Shannon Hester,50,Female,Port Mitchell,2025-06-19
238,David Martinez,34,Male,Wrightville,2021-02-13
239,James Gilbert,23,Other,Port Rachel,2023-06-23
240,Michelle Lee,45,Female,South Wendy,2024-08-29
241,Mr. Alexander Landry MD,20,Male,East Brandy,2021-02-07
242,Johnny Khan,39,Male,Mitchelltown,2021-08-08
243,Stephen Luna,58,Female,Diazfurt,2021-02-14
244,Chloe Tran,28,Other,South Williamside,2023-01-26
245,Lisa Carr,46,Other,North Phillip,2023-07-29
246,Holly Thomas,63,Female,Porterton,2021-01-07
247,Gary Wells,53,Male,Hernandezhaven,2021-11-17
248,Louis Martin,25,Male,Brittneyhaven,2025-01-09
249,Michelle Evans,74,Other,West Markville,2024-03-26
250,Rebecca Swanson,75,Male,New Thomasshire,2025-08-08
251,Anthony Castillo,52,Male,Hernandezbury,2020-12-16
252,Melody Lee,71,Female,Edwardsberg,2024-03-15
253,Jennifer Hampton,55,Other,Salaston,2021-11-12
254,Kristina Bolton,27,Female,Foxmouth,2022-03-01
255,Joseph Payne,26,Male,Chelseaborough,2022-10-14
256,Edwin David,37,Female,Kellieborough,2024-11-06
257,Gregory Peck,75,Male,Keithshire,2025-04-23
258,William Cardenas,75,Female,West Bobby,2021-05-12
259,Jeremy Scott,31,Other,Lewisside,2022-12-30
260,Melissa Taylor,33,Other,East Brent,2025-03-16
261,David Garcia,24,Female,Jenniferville,2021-11-10
262,Joshua Hickman,67,Other,Delgadofort,2024-10-01
263,Nicole Mitchell,74,Female,Debbieland,2025-07-28
264,Parker Jefferson,57,Other,East Robertburgh,2020-12-30
265,Jennifer Simpson DVM,27,Male,Nancytown,2023-03-25
266,Ashley Bird,73,Male,Shawnside,2025-02-24
267,Todd Rosales MD,69,Male,Port Daniel,2022-01-26
268,Mariah Higgins,74,Female,Lake Matthewport,2025-07-09
269,Cheryl Carr,19,Male,Wilcoxhaven,2023-06-24
270,Michael Lopez,65,Female,South Marcus,2022-10-19
271,James Griffin,68,Female,Stephanieport,2025-08-23
272,Alexandra Valdez,69,Other,North Elizabeth,2024-08-24
273,Jared Shaw,73,Other,Hannahport,2023-10-25
274,Colleen Anderson,69,Male,South Julie,2023-11-13
275,Joshua Ruiz,35,Male,Port John,2021-05-21
276,Kelsey Cox,68,Other,North Mariahaven,2022-05-30
277,Brittany Murphy,24,Female,Wilsonborough,2025-08-25
278,Steven Griffin Jr.,73,Male,New Robert,2025-06-27
279,Joel Roman,72,Female,South Jonathantown,2022-07-17
280,Amber Cooper,32,Male,New Virginialand,2024-09-14
281,Jason Mack,70,Female,Brooksfurt,2024-07-03
282,Susan Bennett,40,Female,Lake Michelle,2021-09-12
283,Joshua Rice,70,Male,Port Adam,2020-11-18
284,Julie Ball,32,Male,Patelbury,2022-10-17
285,Christopher Lopez,60,Male,North Lisachester,2020-10-27
286,Austin Wheeler,43,Female,Harperton,2022-10-09
287,Jennifer Young,35,Male,Port Michelle,2021-03-03
288,Wyatt Young,67,Female,Barbaramouth,2022-09-15
289,Charles Keller,40,Other,South Kevin,2021-03-17
290,Leslie Moss,50,Female,Lake Erika,2025-06-01
291,William David DDS,61,Other,Heatherchester,2021-12-16
292,Clinton Medina,39,Male,Port Jeremiah,2021-12-01
293,Suzanne Hart,25,Female,Grantberg,2023-12-29
294,Dalton Lucas,29,Other,Booneland,2025-03-31
295,Cheryl Adams,34,Male,Port Charlesshire,2025-06-11
296,Daniel Meadows,24,Other,Susantown,2022-06-29
297,Tonya Wilson,45,Female,Rochaborough,2024-01-24
298,Kristen Rowe,64,Female,Owensstad,2023-04-25
299,Jose Crawford,45,Other,Port Tinafort,2023-05-31
300,Jacqueline Gutierrez,50,Male,Lake Dustin,2022-11-28
301,Lauren Cortez,42,Other,Elijahmouth,2022-08-24
302,Roy Porter,30,Female,Jonathanfort,2024-11-11
303,Nicholas Bell,20,Other,Lake Amy,2022-04-03
304,Kimberly May,45,Male,New Arthurland,2021-02-06
305,Jennifer Kirby,51,Other,North Jasmine,2020-10-07
306,Jesus Brown,61,Other,Hopkinstown,2020-09-29
307,Jennifer Smith,65,Other,Amandaport,2020-11-01
308,Melissa Jordan,60,Male,North Samantha,2025-02-24
309,Corey Fox,41,Female,Josephfurt,2021-05-12
310,Jared Cunningham,22,Other,West Gabriella,2021-05-17
311,Shannon Malone,39,Other,South Nicholasside,2024-09-26
312,Adam Jackson,38,Other,Brucemouth,2025-07-03
313,Valerie Jacobson,72,Male,East Jasonshire,2024-09-25
314,Thomas Cohen,64,Female,Rachelshire,2020-12-20
315,Samuel Smith,50,Female,New Douglas,2024-01-29
316,Elizabeth Elliott,60,Female,Rhodesside,2023-07-06
317,Patrick Gibbs,38,Female,New Juliestad,2021-02-22
318,David Jones,62,Female,Novakmouth,2020-12-10
319,Rachel Hayes,53,Male,West Angela,2023-11-19
320,Michael Guerrero,30,Female,Port Christinebury,2021-04-25
321,Christian Dawson,60,Female,Lake Peter,2023-10-04
322,Aaron Parker,61,Other,Kathleenville,2021-10-25
323,Jeffrey Hawkins,75,Male,Garcialand,2023-09-13
324,Linda Mueller,57,Other,Smithchester,2023-12-27
325,Misty Hansen,37,Female,New Adriana,2023-12-05
326,Derrick Adams,53,Male,North Gary,2023-01-14
327,John Jones,37,Female,Sherylfort,2022-05-09
328,Chad Smith,31,Female,Cookfurt,2023-06-29
329,Jeffrey Colon,68,Other,West Malik,2022-05-26
330,Christopher Sanders,56,Other,Kellyfort,2025-08-03
331,Erika Ramirez,38,Female,Diazshire,2022-05-22
332,Kimberly Maldonado,46,Female,Lake Stevenborough,2024-06-02
333,Sandra Jones,61,Male,Chambersberg,2023-04-07
334,Matthew Espinoza,50,Female,Jonesfort,2025-08-22
335,Jonathon Knapp,68,Other,Stephensstad,2025-04-04
336,Suzanne Rodriguez,28,Other,Lake Elizabeth,2022-02-07
337,Amanda Terrell,23,Female,Rasmussenmouth,2024-05-08
338,Brett Walker,50,Other,South Neil,2024-08-17
339,Leah Mason,58,Other,Whitneyfort,2021-07-30
340,Thomas Miller,39,Male,West Larry,2024-07-24
341,Kelly Bailey,70,Male,South Jennifermouth,2023-05-27
342,Andrew Page,61,Female,Port Matthewville,2022-02-01
343,Natalie Black,32,Male,West Anita,2024-08-14
344,Jared Lopez,27,Male,Fosterborough,2024-07-06
345,Jasmine Bush,20,Male,West Karen,2021-03-22
346,Rebecca Herrera,48,Other,Markmouth,2021-08-29
347,Scott Rose,72,Male,Candicefurt,2025-09-06
348,Harold Ellis,47,Female,Port Emily,2023-03-22
349,Leslie Powers,74,Other,Davidport,2021-09-07
350,Michael Dixon,54,Male,Carlsonshire,2023-12-15
351,John Medina,63,Other,New Garrett,2023-02-23
352,Ernest Hayes,42,Female,Port Michaeltown,2024-10-23
353,Robert Maynard,43,Male,Ortizfort,2024-03-23
354,Jill Jackson,27,Other,Port Kathleenport,2020-12-19
355,Joshua Jackson,62,Male,Cunninghamfort,2025-05-13
356,Laura Adams,75,Male,Amberton,2024-06-11
357,Wanda Garcia,67,Female,West Nancy,2020-12-18
358,Gregory Montoya,32,Male,Grimesville,2022-09-15
359,Oscar Norris,69,Other,Martinberg,2022-06-12
360,Renee Hudson,51,Female,Candiceburgh,2023-06-11
361,Eileen Armstrong,21,Other,East Sydneychester,2021-03-12
362,Sharon Martinez DVM,33,Male,East Jennifer,2022-10-18
363,Megan Burns,47,Male,Courtneyfurt,2024-07-14
364,Robert Mack,69,Female,Robertsonview,2023-10-30
365,John Perkins,60,Other,Lake Teresastad,2021-03-24
366,Jennifer Donaldson,53,Other,South Joseph,2023-02-07
367,Kenneth Knight,38,Female,Kramerton,2021-01-29
368,Richard Stevens,57,Other,Port Ericmouth,2020-09-11
369,Jessica Forbes DVM,75,Other,Erikview,2021-06-25
370,Danielle Watson,45,Other,North Randy,2023-04-16
371,Nicole Patterson,46,Male,Lake Codyborough,2024-09-29
372,Kevin Stone,65,Female,Smithmouth,2021-09-18
373,Jennifer Anderson MD,46,Female,Davisville,2021-07-26
374,Stanley Taylor,66,Male,Lake Victoria,2021-11-26
375,Justin Bishop,71,Other,South Michael,2022-07-02
376,Brittany Jenkins,35,Other,Heathland,2021-07-18
377,Bryce Blair,49,Other,Sylviamouth,2021-11-17
378,Matthew Wright,33,Female,Kimberlytown,2023-04-04
379,Lawrence Lopez,46,Male,Phillipston,2022-09-22
380,Brian Porter MD,63,Female,West Sarahberg,2023-12-24
381,Laura Diaz,33,Female,Port Thomas,2021-04-23
382,Austin Baker,39,Female,North Stacyfurt,2024-12-30
383,Micheal Wang,75,Other,Milesland,2025-04-03
384,Brittany Miller,23,Male,New Samanthaberg,2025-04-02
385,Kevin Hines,27,Male,West Hollybury,2021-03-07
386,Tim Wilson,42,Other,West Elizabethburgh,2021-09-15
387,Chad Smith,27,Other,Bentonhaven,2025-02-01
388,Michelle Jackson,31,Male,Lake Kimberly,2022-12-23
389,Bailey Yoder,44,Female,Lindsayview,2025-02-22
390,Michael Ray,39,Other,South Spencerstad,2021-02-28
391,Mr. Jacob Scott Jr.,47,Female,East Joycetown,2021-01-23
392,Alexandria Williams,21,Male,Patrickberg,2022-03-19
393,Shannon Tran,71,Female,Walkerbury,2024-03-25
394,Erica Mckenzie,42,Other,Davidton,2022-03-20
395,Jose Williams,62,Male,Jonesmouth,2023-02-03
396,Emily Miller,72,Other,Smithborough,2023-03-03
397,Elizabeth Dean,42,Female,Richardsonfort,2022-05-09
398,Kimberly Flynn,18,Female,North Sarah,2020-11-22
399,Gregory Franco,37,Female,West Aaronfurt,2023-04-22
400,Joseph Allen,72,Female,Woodwardberg,2023-01-26
401,Thomas Merritt,52,Other,Haynesstad,2024-08-03
402,Angela Davis,65,Other,Lake Lori,2021-04-29
403,Amy Bates,69,Other,East Kelly,2023-05-15
404,Jenna Decker,75,Male,Louisview,2022-09-04
405,Dale Chan,49,Male,East Danielmouth,2024-08-26
406,Bryan Howard,35,Female,South Kyle,2022-12-11
407,Ann Aguirre,49,Male,Margaretton,2022-07-09
408,Erin Davis,42,Female,West Randy,2021-02-08
409,Debbie Ewing,60,Other,South Melissaside,2025-05-15
410,Joel Lara,69,Female,North Alexander,2022-07-31
411,Rodney Watson,64,Male,New Brendaland,2020-11-15
412,Christina Brewer PhD,71,Female,Port Mariamouth,2021-09-24
413,Joel Jackson,26,Other,Underwoodfurt,2024-11-28
414,Michael Thompson,52,Male,East Joshua,2024-06-25
415,Amanda Harvey,43,Other,Lake Kenneth,2024-03-12
416,Karen Miller,54,Other,Taylorborough,2025-02-28
417,Zachary Stephens,19,Male,South Kimberlystad,2024-10-08
418,Kari Durham,59,Female,Paulburgh,2020-11-28
419,Daniel Huang,26,Female,Brianfort,2025-03-11
420,Kevin Hall,29,Male,North John,2022-09-28
421,Robert Stark,34,Female,Port Wendybury,2025-08-02
422,Rebecca Kelly,38,Male,East Joel,2023-05-25
423,Melissa Sloan,47,Female,Lake Jackieshire,2025-06-26
424,Travis Copeland,39,Female,Weaverburgh,2024-11-10
425,Anthony Guzman,35,Female,New Timothymouth,2022-05-27
426,Gina Thompson,34,Male,Brianberg,2025-09-05
427,Brenda Rodriguez,48,Male,Susanstad,2024-01-21
428,Gabrielle Morris,65,Other,Lake Stacy,2024-10-31
429,Carrie Novak,21,Female,Jeffreyshire,2022-03-07
430,Nicholas Phillips,32,Other,Lake Aaron,2025-07-24
431,Zachary Sanford,22,Other,East Carriebury,2025-07-02
432,Jon Rivera,20,Male,East Michaelmouth,2022-02-12
433,Tracey Underwood,33,Male,Seanview,2022-06-22
434,Barry Scott,71,Male,Lake Aaronfurt,2024-06-01
435,Tracy Wilkerson,57,Male,Maciasstad,2025-05-02
436,Ronald Kramer,33,Male,East Shannon,2020-12-21
437,Fernando Lynn,48,Other,West Georgefurt,2022-01-21
438,Kimberly Villanueva,25,Other,West Brookefort,2020-12-14
439,Matthew Lawson,31,Female,Mooreville,2023-07-04
440,Colton Terry,62,Female,Donnaport,2022-09-17
441,James Dunn,67,Female,Hernandezstad,2020-09-20
442,Edward Stanley,28,Other,Gonzaleztown,2022-06-13
443,Edgar Miller,56,Other,West Kristenfort,2024-11-06
444,Deborah May,63,Male,Lopezfurt,2023-10-31
445,Andrew Gonzales,67,Male,Jeremyview,2025-06-28
446,Paul Contreras,37,Male,Lake Mauriceside,2024-03-18
447,Leah Spencer,55,Male,Cardenaschester,2025-03-30
448,Taylor Armstrong,37,Other,South Kent,2024-01-18
449,Michelle Shaw,61,Female,North Stacy,2024-07-05
450,William Stanton,43,Other,East Brad,2021-05-10
451,Jessica Osborn DDS,30,Male,Luisland,2021-06-06
452,James Nguyen,55,Other,Apriltown,2025-09-08
453,Jennifer Perry,71,Other,New Brianna,2021-07-17
454,Kristine Garcia,33,Male,Mikaylastad,2024-03-08
455,Matthew Armstrong,62,Female,Johnsonview,2024-02-12
456,Lee Steele,72,Other,South Pamelamouth,2022-09-17
457,John Adams,56,Male,Andrewport,2023-05-03
458,John Horton,68,Other,Port Jeremyport,2024-06-16
459,Erica Daniel,68,Male,East Scottchester,2024-10-23
460,Sharon Nicholson,40,Other,North Larry,2024-12-31
461,Richard Warren,45,Other,East Jamesborough,2021-03-07
462,Jesus Hull,41,Male,West Micheal,2024-08-21
463,Madison Martinez,50,Other,East Nathanmouth,2022-03-14
464,Karen Arnold,39,Male,Frankview,2021-06-16
465,James Martin,72,Female,Port Jeffrey,2022-08-09
466,Debra Ortiz,70,Female,Port Kimberlytown,2024-09-20
467,Maria Burke,24,Female,East Johnnyport,2023-01-12
468,James Bailey,41,Other,Jefferyport,2025-02-12
469,Jennifer Garcia,75,Female,Annaport,2023-03-25
470,Karen Rogers,63,Male,Danielleview,2022-11-29
471,Tiffany Curtis,45,Male,East Zachary,2022-09-25
472,Renee Lang,64,Other,Guerreroberg,2020-11-27
473,Yolanda Green,59,Female,Sullivanton,2025-08-25
474,Laura Lee,57,Other,Lake Amanda,2024-09-26
475,Megan Romero,67,Female,Port Diane,2025-06-09
476,Brent Anderson,47,Female,Jessicaside,2022-03-31
477,Stephanie Pena,70,Other,West Jeffrey,2023-04-21
478,Stephen Watson,55,Female,Stevenville,2024-09-09
479,Mark Carpenter,38,Male,South Pamelahaven,2021-09-16
480,Jane Evans,71,Male,Port Melissaberg,2022-05-24
481,William Orozco,35,Female,Thomasburgh,2021-05-18
482,Mr. Christopher Walters,33,Female,South Joshuaburgh,2025-08-04
483,Katherine Gallagher,54,Other,East Christinachester,2024-02-14
484,John Smith,60,Female,Lake Nathan,2020-10-22
485,Nicole Schmidt,39,Male,Lake Adambury,2022-08-12
486,Haley Anderson,49,Female,Gordonport,2022-02-09
487,Angel Fry,29,Female,Lunahaven,2023-07-25
488,Michael Anderson,31,Female,Howardborough,2022-02-03
489,Tamara Powell,69,Female,East Jessica,2021-10-21
490,Alex Wagner,39,Female,West Jenniferton,2023-11-18
491,Dawn Nichols,74,Other,New Virginiaville,2020-11-09
492,Brian Wallace,62,Female,New Johnnyberg,2022-06-09
493,Lorraine Turner,53,Male,Lake Abigailberg,2024-04-02
494,Ashley Higgins,51,Male,West Danielville,2024-12-03
495,Curtis Baker,23,Male,West Jade,2023-03-15
496,Joshua Lozano,64,Female,Riveratown,2020-10-18
497,Susan Conley,49,Other,Hernandezland,2025-01-15
498,Nathaniel Conway,66,Male,South Vanessa,2023-03-17
499,Anthony Li,62,Female,Port Kellymouth,2024-04-24
500,Anna Chang,59,Other,North Melissaburgh,2023-06-27
501,Jeffrey Howell,49,Female,West Lisaburgh,2021-08-28
502,Victor Nelson,68,Male,Vaughnfort,2024-04-11
503,Rebecca Wilson,23,Female,Port Erikchester,2024-10-17
504,Meghan White,32,Female,Maxwelltown,2021-10-19
505,Mr. Stephen Alexander,62,Male,West Dianatown,2025-02-25
506,Laura Cunningham,37,Other,Aprilville,2024-05-15
507,Danielle Reed,55,Female,Hernandezside,2021-02-25
508,Timothy Wagner,48,Other,Christianburgh,2021-04-29
509,Erica Rivera,51,Female,Brentbury,2025-05-16
510,Jennifer Young,45,Other,Wallaceshire,2024-07-02
511,Jonathan Stewart,53,Female,Mcgeetown,2021-07-24
512,Andrew Dunn,40,Other,Port Cassandraport,2025-01-05
513,Mary Bryant,47,Female,Michaelton,2022-08-02
514,Evelyn Saunders,37,Female,Moranstad,2024-07-15
515,Peter Walker,32,Male,Michaelport,2025-05-07
516,Michaela Williams,64,Male,South Donald,2024-03-03
517,Levi Lopez,38,Male,Lewisborough,2023-07-25
518,Jason House,65,Other,Port Patriciamouth,2024-12-23
519,Jonathan Moreno,66,Other,New Savannahshire,2024-10-18
520,Priscilla Kent,29,Male,Lake Lisa,2021-07-27
521,Kyle Andrade,31,Other,Barnesbury,2023-01-07
522,Grant Phillips,48,Female,East Robert,2025-01-17
523,Michael Valencia,64,Other,East Jason,2023-02-28
524,Tammy Anderson,66,Other,New Amy,2023-06-07
525,Paige Hart,56,Female,Craigside,2023-02-14
526,Jenny Smith,24,Male,North Oscarton,2021-03-03
527,Paul Martin,36,Male,Francesberg,2021-03-20
528,Elizabeth Molina,41,Male,West Lisaville,2025-06-20
529,Natalie Hoffman,37,Male,New Kristen,2023-02-19
530,Amber James,63,Other,Fryemouth,2025-05-21
531,Patrick Harris,26,Female,Greerstad,2025-05-04
532,Christina Hardy,20,Male,West Shane,2021-04-28
533,Christopher Palmer,53,Female,Williamsview,2025-06-04
534,Christopher Singleton,62,Male,West Stevenberg,2021-01-11
535,Frank Williams,58,Female,Tracyshire,2025-05-15
536,Richard Stewart,24,Male,East Abigail,2024-12-26
537,Joshua Powell,54,Female,Jeffreyborough,2023-07-07
538,Edward Clements,48,Female,Barajastown,2021-08-31
539,Jill Conway,46,Female,North Felicia,2023-06-03
540,Robert Wilson,29,Male,Amberport,2020-11-24
541,Samantha Brooks,34,Female,Tuckerport,2022-04-30
542,Bradley Davis,25,Male,Lake Cameronborough,2024-04-18
543,Christine Poole,43,Female,Lucasland,2021-12-30
544,Mitchell Johnson,22,Other,North Gregoryview,2025-06-08
545,Roberto Bartlett,58,Other,Hughesfurt,2024-05-16
546,James Wilson,21,Male,Lake Jenniferland,2025-09-02
547,Ryan Howard,27,Other,West Kristinport,2021-06-04
548,Timothy James,37,Male,South Ericbury,2021-11-06
549,Rebecca Atkinson,33,Male,Susanberg,2023-03-24
550,Suzanne Norton,53,Female,Susantown,2025-05-25
551,Brenda Williams,56,Other,Medinaland,2023-04-13
552,Patrick Swanson,68,Other,South Rebecca,2025-01-18
553,Clinton Jensen,32,Other,Jamesburgh,2025-07-07
554,Sarah Randolph,42,Female,Newmanland,2023-03-01
555,Danielle Gonzalez,46,Female,Lynnstad,2021-10-12
556,Cynthia Mitchell,73,Other,East Louismouth,2023-06-26
557,Elizabeth Silva,45,Female,Lindseychester,2022-02-14
558,David Walker,54,Other,Hillstad,2021-10-31
559,Erin Castillo,21,Other,Howardport,2024-10-30
560,Casey Obrien,65,Male,Micheleberg,2025-04-09
561,Nicholas Sims,66,Male,North Melissatown,2025-08-21
562,Patricia Lewis,58,Male,New Jorgeside,2024-09-14
563,Brittany Long,34,Other,Dennishaven,2025-01-11
564,Jack Smith,23,Male,Port Tamara,2022-02-06
565,Brenda Moore,33,Male,Lake Jessica,2023-09-28
566,Philip Hall,53,Male,Miketon,2022-06-13
567,Rebecca Hughes,28,Male,Keithton,2023-06-12
568,Warren Schultz,44,Female,Maryview,2025-08-11
569,Carrie Valdez,62,Other,Brianaland,2025-01-31
570,William Walker,48,Female,Gomezstad,2024-10-30
571,Stacy Smith,20,Male,South Gabriel,2021-05-06
572,Diana Hernandez,36,Other,West Carolyn,2021-09-11
573,Jennifer Rivera,36,Other,South Emmafort,2022-06-25
574,Maria Jenkins,73,Female,North David,2022-01-22
575,Jose Macdonald,22,Other,North Gabriel,2022-03-22
576,Jennifer Costa,32,Female,Lake Jessicaport,2021-06-02
577,Lawrence Ruiz,68,Other,Jacksonchester,2021-11-26
578,Samantha White,55,Other,Garymouth,2024-07-18
579,Andrea Gray,69,Male,North Allen,2025-02-19
580,Kathy Barnes,45,Male,New Cole,2024-09-26
581,Linda Rich,52,Male,North Timothyberg,2025-04-11
582,Stephanie Hampton,59,Male,Boydstad,2021-01-21
583,Jessica Mays,35,Male,Clarkefurt,2023-09-03
584,Natalie Juarez,22,Male,South Dennisfort,2022-09-01
585,Angela George,28,Female,Scotttown,2020-10-01
586,Autumn Smith,56,Other,Lake Linda,2024-03-02
587,Christopher Pearson,70,Other,Joseside,2024-04-16
588,Lisa Braun,36,Female,Fischerchester,2025-05-21
589,Karen Wood,25,Female,Kingport,2025-08-08
590,Michael Fitzgerald,62,Female,Lake Jerryburgh,2021-07-17
591,James Morgan,62,Female,East Paultown,2021-06-19
592,Kaitlyn Burke,35,Other,North Josestad,2021-05-15
593,Misty Arias,52,Female,Mendezhaven,2023-02-16
594,Linda Bautista,46,Male,Lake Troy,2020-10-12
595,Matthew Lara,56,Male,Jameshaven,2025-01-28
596,Lisa Craig,74,Female,Johntown,2022-01-11
597,Donald Ross,65,Female,Sullivanborough,2025-02-03
598,Michael Calhoun,56,Female,Jessicaside,2025-08-25
599,Victor Hill,19,Male,South Sarah,2025-07-31
600,Christopher Hunter,32,Other,New Kellyville,2025-01-20
601,Sherri Li,71,Other,Heatherfurt,2025-06-24
602,Mr. Gerald Rowe,55,Male,Mosleytown,2024-10-15
603,Austin Schultz,66,Other,Lake Jacqueline,2023-05-17
604,Harry Nichols,70,Female,Johnland,2024-01-31
605,Samantha Jones,54,Male,South Lee,2022-07-20
606,Debra Valentine,66,Male,South Jillian,2022-09-08
607,Shelley Clark,48,Other,Port John,2023-09-20
608,Brian Mora,59,Female,Austinside,2021-01-18
609,Jacqueline Stewart,35,Male,Travishaven,2023-01-27
610,Paul Anderson,55,Female,Mendozaside,2020-12-19
611,Jennifer Parks,58,Female,South Tiffany,2025-02-05
612,Michael Smith,23,Female,South Bianca,2023-06-17
613,Scott Lopez,40,Female,Joelfort,2023-08-10
614,Jonathan Clark,39,Female,Michaelfurt,2023-01-25
615,Kenneth Krause,60,Male,Port Cory,2022-12-26
616,Kristi Chase,72,Male,East Lauren,2021-12-17
617,Adam Fisher,39,Female,Port Crystal,2025-03-26
618,Rachel Evans,62,Female,South Coreyburgh,2021-03-14
619,David Combs,36,Other,South Julieview,2023-10-05
620,Justin Patrick,43,Other,Andrewville,2023-09-04
621,Tracey Gonzalez,20,Female,Port Justin,2023-06-16
622,Katherine Doyle,23,Female,South Christinamouth,2021-12-03
623,Margaret Mcfarland,34,Female,Welchshire,2024-02-18
624,Andrea Martin,25,Female,West Logan,2023-03-03
625,Lisa Foster,73,Other,Normanstad,2025-09-06
626,Joanna Jackson,70,Male,East Jessicaview,2021-05-15
627,James Davis,60,Other,Kelleytown,2024-01-25
628,Whitney Garcia,47,Female,North Diana,2024-01-03
629,David Mitchell,21,Male,East Alison,2022-02-21
630,Matthew Dalton,51,Female,Michellemouth,2025-04-15
631,Kimberly Taylor,57,Female,New Carla,2025-06-27
632,Mark Ferguson,58,Female,Timothybury,2021-06-14
633,Jacob Green,66,Male,Alexhaven,2021-11-06
634,John Smith,31,Female,Arroyofort,2023-03-28
635,Jeffrey Carter,53,Male,Port Adrian,2023-11-13
636,Stephen Kim,36,Female,East Jennifer,2024-01-02
637,Connie Miller,74,Other,New Kathy,2023-01-01
638,Patrick Lamb,49,Male,Lopezland,2022-03-29
639,Brian Gibson,19,Other,Nelsonfort,2022-04-15
640,Christian Booker,56,Male,East Teresaport,2022-12-24
641,Jeffrey Smith,63,Male,East Alexisborough,2023-08-07
642,Richard Jimenez,37,Other,Steventon,2023-07-02
643,Paul Thomas,18,Other,Kimberlyland,2025-04-23
644,Corey Skinner,44,Male,Claytonville,2022-10-22
645,William Wright,32,Male,East Stevenville,2025-02-14
646,Christine Price,47,Male,Sharonburgh,2021-01-18
647,Krista Martinez,59,Male,Littleborough,2023-10-03
648,Sharon Robinson,49,Other,East Cynthiamouth,2020-10-25
649,Donald Wilson,36,Other,North Tanya,2025-08-19
650,Karen Carlson,63,Female,Kellibury,2022-01-11
651,Mr. George Booker DDS,44,Female,North Michaelberg,2025-04-02
652,Beth Hall,48,Male,Lindamouth,2022-05-01
653,James Ramsey,47,Other,Rachelfort,2024-05-30
654,Kimberly Henry,27,Female,New Michael,2024-09-03
655,Ronald Rocha,30,Other,North Amanda,2024-07-06
656,Dennis Richardson,50,Other,Port Danafurt,2022-04-08
657,Lisa Diaz,74,Male,West Jennifer,2025-04-10
658,Cheryl Vega,73,Male,New Justin,2024-03-05
659,Ashley Mills,35,Female,North Maryberg,2022-03-18
660,Christina Washington,39,Other,North Ashleyfurt,2024-11-09
661,Meredith Scott,35,Male,Jeffreyland,2020-10-19
662,Christine Henry,36,Other,South Laurieton,2023-10-05
663,Teresa Perry,37,Other,Lauraton,2022-12-13
664,Morgan Davenport,55,Other,East Susanville,2021-07-20
665,Kim Lopez,49,Male,New Colleen,2022-03-18
666,Kristin Reese,46,Other,Emilychester,2021-07-29
667,Christopher Morales,48,Female,Dianeside,2024-06-16
668,Stephanie Pierce,39,Other,Meganchester,2024-05-08
669,Erica Allen,66,Other,South Katie,2022-11-07
670,Jesse Moyer,42,Female,Lake Austinport,2020-10-29
671,Wendy Turner,38,Male,Traceyborough,2023-05-15
672,Rodney Norris,62,Male,Samanthahaven,2025-06-03
673,Laura Davis,54,Female,Kellyberg,2022-12-11
674,Kevin Hall,32,Female,Christopherfurt,2025-07-13
675,Morgan Cummings,20,Female,Thompsonshire,2021-07-02
676,Elizabeth Cross,65,Female,Millerton,2023-07-14
677,Robert Butler,63,Female,Port Kayleetown,2023-12-11
678,Joseph Flores,42,Other,West Wayne,2022-07-26
679,Michael Osborn,68,Other,Mullinsshire,2024-12-25
680,Jeffrey Hartman,27,Female,East Matthew,2024-09-26
681,Amber Ross,20,Male,South Warrenberg,2021-11-02
682,Mr. James Duncan,50,Other,East Charles,2024-05-07
683,Thomas Davis,39,Male,Hendersonstad,2022-04-23
684,Kirk Johnson,73,Female,Garystad,2024-06-13
685,Jessica Glass,24,Other,East Gina,2022-01-06
686,Sarah Rodriguez,47,Male,East Stacyberg,2023-02-19
687,Michael Rodriguez,64,Male,Ruizmouth,2022-06-20
688,Christy Payne,44,Other,Anaberg,2020-11-05
689,Taylor Rose,27,Male,Georgeport,2022-05-25
690,Lisa Brown,48,Female,North Paulview,2023-10-03
691,Alicia Dillon,39,Other,Hallfurt,2025-01-05
692,Ariana Stewart,62,Female,East Jamesmouth,2025-06-16
693,Alison Wright,59,Male,Matthewfurt,2022-01-09
694,Michael Kelly,72,Female,Joelhaven,2023-01-14
695,Lori Johns,72,Other,New Stacybury,2021-12-24
696,James Taylor,72,Other,Meyerbury,2024-03-28
697,Christian Waller,42,Female,Shaneberg,2022-06-13
698,Lauren Sutton,58,Other,Port Devin,2025-02-22
699,Jessica Stout,74,Female,Lake Sarah,2022-01-13
700,Justin Fry,73,Other,East Lonnieberg,2020-12-09
701,Sheryl Gutierrez,20,Other,Turnerview,2021-12-25
702,Ashley Lopez,22,Male,Catherinebury,2022-08-31
703,Alexander Miller,58,Other,Andersonfort,2023-11-14
704,James Wells,36,Male,East Jeremy,2024-03-01
705,Alexis Nelson,65,Male,Walkerborough,2022-06-06
706,Timothy Duke,45,Male,Wattsmouth,2022-10-15
707,Ricardo Franklin,66,Other,Cortezfurt,2025-07-21
708,Kelly Liu,63,Male,New Danielmouth,2021-01-18
709,Danielle Medina,46,Male,New Paulton,2022-04-21
710,James Torres,62,Female,Stevenchester,2023-03-12
711,Amy Black,75,Male,South Maria,2024-07-13
712,Jonathan White,20,Female,South Robert,2024-07-10
713,Jesse Mosley,68,Male,South Christopher,2023-06-12
714,Susan Hogan,36,Female,North Dannymouth,2023-10-11
715,Michael Acosta,41,Female,South Andrea,2021-01-23
716,Susan Cunningham,27,Male,East Misty,2022-03-18
717,Amber Parker,51,Female,Robertsburgh,2021-09-09
718,Toni Smith,54,Other,Alexanderfort,2024-12-06
719,Abigail Andrade,68,Male,East Brianna,2024-09-25
720,Jeremy Burke,28,Male,East Nicoleview,2025-06-07
721,Christine Lopez,23,Other,Lake Michaelberg,2020-12-18
722,Sara Evans,73,Female,North Danielburgh,2022-01-23
723,Lisa Holt,57,Other,South Kara,2023-10-03
724,Anna Evans,33,Female,Priscillaland,2024-04-28
725,Ana Ruiz,55,Male,Lake Michelemouth,2025-03-04
726,Daniel Clark,32,Female,North Ashleyhaven,2021-06-08
727,Mr. Timothy Andersen,58,Female,Ronaldmouth,2022-11-24
728,Whitney Gomez,47,Female,New Anna,2025-02-09
729,Kathleen Morton,60,Male,Lake Kelly,2022-05-03
730,Alexander Garrett,75,Female,Lake Melaniechester,2024-03-18
731,Gregory Shaffer,75,Female,North Danielle,2023-01-31
732,Barry Evans,61,Other,Katieville,2023-07-11
733,Nathaniel Gilbert,28,Male,Port Gregorymouth,2023-07-25
734,Karen Wells,46,Female,Lake Derekberg,2024-08-10
735,Kimberly Rogers,55,Female,Reillyton,2025-02-13
736,Nathaniel Stewart,58,Female,East Barbaramouth,2023-09-12
737,Chase Pittman,62,Female,Tonyaside,2022-02-06
738,Jean Larson,47,Female,Janetmouth,2020-12-16
739,Brandon Wiley,30,Female,Shannonport,2022-07-12
740,Carrie Brooks,72,Female,Port Jamesland,2024-06-18
741,Rebecca Stein,24,Male,East Matthew,2024-10-20
742,Kelly Rowe,42,Other,Port Monica,2025-01-29
743,Brandi Hardy,40,Other,Hugheshaven,2021-09-03
744,Timothy Mcdaniel,36,Other,West Steventon,2021-07-26
745,Mary Edwards,36,Male,Danielleborough,2023-06-02
746,Dustin Patel,71,Other,Lambertview,2021-12-16
747,Brian Mullen,43,Female,East Amyside,2023-05-26
748,Tony Brock,18,Other,East Charles,2023-07-28
749,Amber Johnson,73,Other,North Patrickland,2024-04-25
750,Michael Vance,67,Other,Jensenport,2023-07-08
751,Michelle Lambert,21,Other,Port Kathyshire,2021-10-23
752,Robert Hale,65,Female,South Lancemouth,2024-09-09
753,Danny Callahan,71,Female,Robertafurt,2022-04-01
754,Mary Mccormick,67,Male,Shawntown,2021-03-31
755,Gregory Murray,56,Female,West Katrina,2025-07-30
756,Brian Roth,32,Other,West Angelaland,2023-04-05
757,Jennifer Gutierrez,30,Other,New Erik,2024-10-16
758,Glen Cervantes,34,Other,Muellerchester,2025-07-07
759,Kimberly Young,66,Other,Lake Sarahshire,2024-10-29
760,Kyle Nguyen,67,Other,Port Seanport,2024-02-21
761,Brian Cervantes,61,Male,Murphyton,2021-06-17
762,Charles Carpenter,58,Male,Port Dwayneberg,2024-07-17
763,Jean Lane,75,Other,East Erin,2023-05-20
764,Robert Frazier,59,Male,Robbinsstad,2021-06-13
765,Lisa Dixon,37,Female,Port Kelly,2023-10-31
766,Tracy Smith,20,Other,Danielport,2020-12-14
767,Michael Long,41,Other,Jenniferfurt,2023-12-08
768,Daniel Thompson,26,Male,East Angela,2023-10-03
769,Brittany Bright,36,Female,East Alexander,2020-10-27
770,Stephen Barrett,65,Female,North Derrick,2024-03-24
771,Stephanie Dominguez,29,Male,Hansonmouth,2025-01-08
772,Robert Cruz,26,Other,East Roger,2020-10-02
773,Sarah Young,74,Female,Robertside,2025-08-04
774,William Carroll,51,Other,Danielfort,2021-05-15
775,Nicholas Terrell,35,Male,Stevenland,2025-02-21
776,Ann Kennedy,34,Female,Lake Cynthiashire,2023-05-07
777,Stephanie Nichols,69,Female,South Shawnfort,2025-07-28
778,Jennifer Yu,65,Female,Keithton,2023-04-11
779,Kristy Brown,69,Male,Laneshire,2021-02-16
780,Dorothy Mclaughlin,47,Male,West Toddberg,2024-12-27
781,Richard King,27,Male,Joshuaview,2020-10-23
782,Lindsey Kent,73,Other,Lake Sean,2022-03-07
783,Michael Washington,64,Other,West Traceyberg,2021-12-31
784,Nicole Gutierrez,43,Other,Youngmouth,2022-02-10
785,Nicholas Reed,41,Male,Karlaville,2021-02-19
786,James Turner,68,Female,South Frances,2024-01-03
787,Charles Berg,18,Female,West Saramouth,2023-12-09
788,Tonya Vega,52,Male,North Samanthastad,2024-05-12
789,Marissa Nelson,47,Female,Josephville,2022-11-11
790,Jeanne Mejia,61,Other,Lake Emily,2022-05-07
791,Megan Kaiser,61,Female,Amytown,2021-04-08
792,Brent Garcia,55,Female,Bellport,2022-10-31
793,Alexander Davis,70,Other,New Danielle,2021-09-16
794,Larry Bennett,41,Male,North Heather,2022-11-05
795,Matthew Jones,61,Male,Livingstonview,2024-04-27
796,Mary Carrillo,48,Male,Fernandoland,2023-01-18
797,Janet Cook,57,Other,West Stephanieview,2022-03-15
798,John Mcfarland,38,Other,Whitefort,2021-08-11
799,Randy Robinson,32,Other,South Jenniferville,2020-12-26
800,Kenneth King,22,Other,Smithfort,2021-12-15
